"Kontenklasse","Kontengruppe","Kontenart","Konto","Unterkonto","Bereichsabgrenzung","Bezeichnung"
0,,,,,,"Immaterielle Vermögensgegenstände und Sachvermögen"
,"00",,,,,"Immaterielle Vermögensgegenstände"
,,1,,,,"Konzessionen"
,,2,,,,"Lizenzen"
,,,"0025",,,"DV-Software"
,,"003",,,,"Ähnliche Rechte"
,,8,,,,"Sonstiges immaterielles Vermögen"
,,9,,,,"Anzahlungen auf immaterielle Vermögensgegenstände"
,"01",,,,,"Unbebaute Grundstücke und grundstücksgleiche Rechte"
,,"[011]",,,,"Grünflächen"
,,,"[0111]",,,"Grund und Boden bei Grünflächen"
,,,"[0112]",,,"Aufwuchs, Aufbauten und Ausstattung bei Grünflächen"
,,"[012]",,,,"Ackerland"
,,"[013]",,,,"Wald, Forsten"
,,,"[0131]",,,"Grund und Boden bei Wald, Forsten"
,,,"[0132]",,,"Aufwuchs bei Wald, Forsten"
,,"[019]",,,,"Sonstige unbebaute Grundstücke"
,"02",,,,,"Bebaute Grundstücke und grundstücksgleiche Rechte"
,,"[021]",,,,"Grundstücke mit Wohnbauten"
,,,"[0211]",,,"Grund und Boden bei Wohnbauten"
,,,"[0212]",,,"Gebäude, Aufbauten und Betriebsvorrichtungen bei Wohnbauten"
,,"[022]",,,,"Grundstücke mit sozialen Einrichtungen"
,,,"[0221]",,,"Grund und Boden bei sozialen Einrichtungen"
,,,"[0222]",,,"Gebäude, Aufbauten und Betriebsvorrichtungen bei Sozialen Einrichtungen"
,,"[023]",,,,"Grundstücke mit Schulen"
,,,"[0231]",,,"Grund und Boden mit Schulen"
,,,"[0232]",,,"Gebäude, Aufbauten und Betriebsvorrichtungen bei Schulen"
,,"[024]",,,,"Grundstücke mit Kultur-, Sport-, Freizeit- und Gartenanlagen"
,,,"[0241]",,,"Grund und Boden mit Kultur-, Sport-, Freizeit- und Gartenanlagen"
,,,"[0242]",,,"Gebäude, Aufbauten und Betriebsvorrichtungen bei Kultur-, Sport-, Freizeit- und Gartenanlagen"
,,"[029]",,,,"Grundstücke mit sonstigen Dienst-, Geschäfts- und anderen Betriebsgebäuden"
,,,"[0291]",,,"Grund und Boden mit sonstigen Dienst-, Geschäfts- und anderen Betriebsgebäuden"
,,,"[0292]",,,"Gebäude, Aufbauten und Betriebsvorrichtungen bei sonstigen Dienst-, Geschäfts- und anderen Betriebsgebäuden"
,"03",,,,,"Infrastrukturvermögen und grundstücksgleiche Rechte"
,,"[031]",,,,"Grund und Boden des Infrastrukturvermögens"
,,"[032]",,,,"Brücken, Tunnel und ingenieurbauliche Anlagen"
,,"[033]",,,,"Gleisanlagen mit Streckenausrüstung und Sicherheitsanlagen"
,,"[034]",,,,"Abwasserbeseitigungs- und Abfallentsorgungsanlagen"
,,,"[0341]",,,"Anlagen zur Abwasserableitung"
,,,"[0342]",,,"Anlagen zur Abwasserreinigung"
,,,"[0343]",,,"Anlagen zur Abfallentsorgung"
,,"[035]",,,,"Straßen, Wege, Plätze, Verkehrslenkungsanlagen"
,,"[036]",,,,"Strom-, Gas-, Wasserleitungen und zugehörige Anlagen"
,,"[037]",,,,"Wasserbauliche Anlagen "
,,"[038]",,,,"Friedhöfe und Bestattungseinrichtungen "
,,"[039]",,,,"Sonstige Bauten des Infrastrukturvermögens"
,"04",,,,,"Bauten auf fremdem Grund und Boden"
,,"[041]",,,,"Bauten auf fremdem Grund und Boden"
,"05",,,,,"Kunstgegenstände, Kulturdenkmäler"
,,"[051]",,,,"Kunstgegenstände"
,,"[055]",,,,"Baudenkmäler
"
,,"[056]",,,,"Bodendenkmäler"
,,"[059]",,,,"Sonstige Kulturdenkmäler"
,"06",,,,,"Maschinen und technische Anlagen, Fahrzeuge"
,,"[061]",,,,"Fahrzeuge"
,,"[062]",,,,"Maschinen "
,,"[063]",,,,"Technische Anlagen"
,"07",,,,,"Betriebs- und Geschäftsausstattung"
,,"[071]",,,,"Betriebsvorrichtungen"
,,"[072]",,,,"Betriebs- und Geschäftsausstattung"
,,"[073]",,,,"Nutzpflanzungen und Nutztiere"
,,,"[0731]",,,"Nutzpflanzungen"
,,,"[0732]",,,"Nutztiere"
,,"[075]",,,,"Geringwertige Vermögensgegenstände"
,"08",,,,,"Vorräte"
,,"[081]",,,,"Rohstoffe/Fertigungsmaterial"
,,"[082]",,,,"Hilfsstoffe"
,,"[083]",,,,"Betriebsstoffe"
,,"[084]",,,,"Waren"
,,"[085]",,,,"Unfertige/fertige Erzeugnisse"
,,"[086]",,,,"Unfertige Leistungen"
,,"[087]",,,,"Geleistete Anzahlungen auf Vorräte"
,,"[089]",,,,"Sonstige Vorräte"
,"09",,,,,"Geleistete Anzahlungen, Anlagen im Bau"
,,"091",,,,"Geleistete Anzahlungen auf Sachanlagen"
,,"[092]",,,,"WE/RE-Verrechnungskonto"
,,"[093]",,,,"Skontoverrechnungskonto"
,,"[094]",,,,"Anlagenverrechnungskonto"
,,"096",,,,"Anlagen im Bau"
1,,,,,,"Finanzvermögen und aktive Rechnungsabgrenzung"
,10,,,,,"Anteile an verbundenen Unternehmen"
,,101,,,,"Anteile an verbundenen Unternehmen"
,,,"1011",,,"Börsennotierte Aktien"
,,,"1012",,,"Nichtbörsennotierte Aktien"
,,,"1013",,,"Sonstige Anteilsrechte"
,11,,,,,"Beteiligungen"
,,"111",,,,"Beteiligungen"
,,,1111,,,"Börsennotierte Aktien"
,,,1112,,,"Nichtbörsennotierte Aktien"
,,,1113,,,"Beteiligungen an Zweckverbänden und sonstige Anteilsrechte"
,12,,,,,"Sondervermögen"
,,"121",,,,"Sondervermögen"
,13,,,,,"Ausleihungen"
,,"131",,,,"Ausleihungen"
,,,"131-",,"B und Cv","Ausleihungen"
,14,,,,,"Wertpapiere und sonstige Einlagen"
,,"141",,,,"Investmentzertifikate "
,,,"1411",,,"Investmentzertifikate "
,,"142",,,,"Kapitalmarktpapiere "
,,,"142-",,"B","Kapitalmarktpapiere"
,,"143",,,,"Geldmarktpapiere "
,,,"143-",,"B","Geldmarktpapiere "
,,"144",,,,"Finanzderivate "
,,,"1441",,,"Finanzderivate "
,,"149",,,,"Sonstige Wertpapiere und sonstige Einlagen"
,,,"1491",,,"Sonstige Wertpapiere"
,,,"1492",,,"Sonstige Einlagen"
,"15",,,,,"Öffentlich-rechtliche Forderungen und Forderungen aus Transferleistungen"
,,"151",,,,"Öffentlich-rechtliche Forderungen aus Dienstleistungen"
,,,1511,,,"Öffentlich-rechtliche Forderungen aus Dienstleistungen"
,,,1519,,,"Wertberichtigung öffentlich-rechtliche Forderungen aus Dienstleistungen"
,,,,15191,,"Einzelwertberichtigung öffentlich-rechtliche Forderungen aus Dienstleistungen"
,,,,15192,,"Pauschalwertberichtigung öffentlich-rechtliche Forderungen aus Dienstleistungen"
,,152,,,,"Steuerforderungen"
,,,1521,,,"Steuerforderungen"
,,,1529,,,"Wertberichtigung Steuerforderungen"
,,,,"15291",,"Einzelwertberichtigung Steuerforderungen"
,,,,"15292",,"Pauschalwertberichtigung Steuerforderungen"
,,153,,,,"Forderungen aus sonstigen Transferleistungen"
,,,"1531",,,"Forderungen aus sonstigen Transferleistungen"
,,,"1539",,,"Wertberichtigung Forderungen aus sonstigen Transferleistungen"
,,,,"15391",,"Einzelwertberichtigung Forderungen aus sonstigen Transferleistungen"
,,,,"15392",,"Pauschalwertberichtigung Forderungen aus sonstigen Transferleistungen"
,,"159",,,,"Übrige öffentlich-rechtliche Forderungen"
,,,"1591",,,"Übrige öffentlich-rechtliche Forderungen"
,,,"1599",,,"Wertberichtigung übrige öffentlich-rechtliche Forderungen"
,,,,"15991",,"Einzelwertberichtigung übrige öffentlich-rechtliche Forderungen "
,,,,"15992",,"Pauschalwertberichtigung übrige öffentlich-rechtliche Forderungen "
,"16",,,,,"Privatrechtliche Forderungen"
,,"161",,,,"Privatrechtliche Forderungen aus Lieferung und Leistung"
,,,"1611",,,"Privatrechtliche Forderungen aus Lieferung und Leistung"
,,,"1619",,,"Wertberichtigung privatrechtliche Forderungen aus Lieferungen und Leistungen"
,,,,"16191",,"Einzelwertberichtigung privatrechtliche Forderungen aus Lieferungen und Leistungen"
,,,,"16192",,"Pauschalwertberichtigung privatrechtliche Forderungen aus Lieferungen und Leistungen"
,,"168",,,,"Vorsteuer"
,,"169",,,,"Übrige privatrechtliche Forderungen"
,,,"1691",,,"Übrige privatrechtliche Forderungen"
,,,"1699",,,"Wertberichtigung übrige privatrechtliche Forderungen"
,,,,"16991",,"Einzelwertberichtigung übrige privatrechtliche Forderungen"
,,,,"16992",,"Pauschalwertberichtigung übrige privatrechtliche Forderungen"
,"17",,,,,"Liquide Mittel"
,,"171",,,,"Sichteinlagen bei Banken und Kreditinstituten"
,,,"1711",,,"Sichteinlagen bei Banken und Kreditinstituten"
,,"173",,,,"Kassenbestand"
,,,"1731",,,"Kassenbestand"
,,174,,,,"Handvorschüsse"
,,,"1741",,,"Handvorschüsse"
,"18",,,,,"Aktive Rechnungsabgrenzung (RAP) und Sonderposten für geleistete Investitionszuschüsse"
,,"180",,,,"Aktive Rechnungsabgrenzung (RAP)"
,,,"1801",,,"Aktive Rechnungsabgrenzung (RAP)"
,,,"1803",,,"Sonderposten für geleistete Zuwendungen"
,,181,,,,"Disagio"
,,182,,,,"Zölle und Verbrauchssteuern"
,,183,,,,"Umsatzsteuer auf erhaltene Anzahlungen"
,,189,,,,"Freihalten für Verrechnungskonten"
,"19",,,,,"Nettoposition (nicht gedeckter Fehlbetrag)"
2,,,,,,"Eigenkapital, Sonderposten, Verbindlichkeiten, Rückstellungen und passive Rechnungsabgrenzung"
,20,,,,,"Eigenkapital (Basiskapital, Rücklagen und Fehlbeträge des ordentlichen Ergebnisses)"
,,"200",,,,"Basiskapital"
,,201,,,,"Rücklagen aus Überschüssen des ordentlichen Ergebnisses"
,,202,,,,"Rücklagen aus Überschüssen des Sonderergebnisses"
,,204,,,,"Zweckgebundene Rücklagen"
,,,"2041",,,"Zweckgebundene Rücklagen zur Abbildung von rechtlich unselbständigen Stiftungen"
,,,,"(20411)",,"Stiftungskapital"
,,,,"(20412)",,"Kapitalerhaltungsrücklage"
,,,,"(20413)",,"Ausgleichsrücklage für gewährte Zuwendungen"
,,,,"(20414)",,"Ergebnisrücklage"
,,206,,,,"Fehlbeträge des ordentlichen Ergebnisses"
,,,"2061",,,"Fehlbetragsvortrag aus Vorjahren"
,,,"2062",,,"Fehlbetrag laufendes Jahr"
,21,,,,,"Sonderposten "
,,211,,,,"Sonderposten aus Zuwendungen und Umlagen für Vermögensgegenstände"
,,212,,,,"Sonderposten aus Beiträgen und ähnl. Entgelten"
,,219,,,,"Sonstige Sonderposten"
,"22",,,,,"Anleihen"
,,"221",,,,"Anleihen"
,,,"221-",,"C und D","Anleihen"
,"23",,,,,"Verbindlichkeiten aus Kreditaufnahmen"
,,"231",,,,"Verbindlichkeiten aus Krediten für Investitionen"
,,,"231-",,"B und C
tw. D
siehe Zuord-
nungs-
vor-
schriften","Verbindlichkeiten aus Kreditaufnahmen für Investitionen"
,,"239",,,,"Verbindlichkeiten aus Krediten zur Liquiditätssicherung"
,,,"239-",,"B 
tw. D
siehe Zuord-
nungs-
vor-
schriften","Verbindlichkeiten aus Krediten zur Liquiditätssicherung"
,"24",,,,,"Verbindlichkeiten aus kreditähnlichen Rechtsgeschäften"
,,"241",,,,"Hypotheken-, Grund- und Rentenschulden"
,,,"2411",,,"Hypothekenschulden"
,,,"2412",,,"Grundschulden"
,,,"2413",,,"Rentenschulden"
,,"242",,,,"Restkaufgelder "
,,,"2421",,,"Restkaufgelder "
,,"243",,,,"Leasinggeschäfte"
,,,"2431",,,"Finanzierungsleasing"
,,,"2435",,,"Übrige Leasinggeschäfte"
,,249,,,,"Sonstige Kreditaufnahmen gleichkommende Vorgänge"
,"25",,,,,"Verbindlichkeiten aus Lieferungen und Leistungen"
,,"251",,,,"Verbindlichkeiten aus Lieferungen und Leistungen"
,,,"2511",,,"Verbindlichkeiten aus Lieferungen und Leistungen"
,"26",,,,,"Verbindlichkeiten aus Transferleistungen"
,,"261",,,,"Verbindlichkeiten aus Transferleistungen"
,,,"2611",,,"Verbindlichkeiten aus Transferleistungen"
,"27",,,,,"Sonstige Verbindlichkeiten"
,,"271",,,,"Sonstige Wertpapierschulden"
,,,"271-",,"C und D","Sonstige Wertpapierschulden"
,,"279",,,,"Sonstige Verbindlichkeiten"
,,,"279-",,,"Sonstige Verbindlichkeiten"
,,,"2791",,,"ungeklärte Zahlungseingänge"
,,,"2792",,,"Umsatzsteuer"
,,,"2797",,,"Umsatzsteuer-Zahllastkonto"
,,,"2799",,,"Weitere sonstige Verbindlichkeiten"
,"28",,,,,"Rückstellungen"
,,"281",,,,"Pensionsrückstellungen und ähnliche Verpflichtungen"
,,,"2811",,,"Pensionsrückstellungen (für Kommunalen Versorgungsverband Baden-Württemberg)"
,,,"2812",,,"Rückstellungen für Beihilfen (für Kommunalen Versorgungsverband Baden-Württemberg)"
,,"282",,,,"Rückstellungen für Altersteilzeitarbeit und ähnlichen Maßnahmen"
,,"283",,,,"Rückstellungen für die Verpflichtungen aus der Erstattung von Unterhaltsvorschüssen"
,,"284",,,,"Rückstellungen für die Stilllegung und Nachsorge von Abfalldeponien"
,,"285",,,,"Rückstellungen für den Ausgleich von ausgleichspflichtigen Gebührenüberschüssen"
,,"286",,,,"Rückstellungen für die Sanierung von Altlasten"
,,"287",,,,"Rückstellungen für drohende Verpflichtungen aus Bürgschaften und Gewährleistungen"
,,"289",,,,"Weitere Rückstellungen"
,,,,,,
,"29",,,,,"Passive Rechnungsabgrenzung (RAP)"
,,"291",,,,"Passive Rechnungsabgrenzung (RAP)"
,,,"2911",,,"Passive Rechnungsabgrenzung (RAP)"
"3",,,,,,"Erträge"
,"30",,,,,"Steuern und ähnliche Abgaben"
,,"301",,,,"Realsteuern"
,,,"3011",,,"Grundsteuer A"
,,,"3012",,,"Grundsteuer B"
,,,"3013",,,"Gewerbesteuer"
,,"302",,,,"Gemeindeanteile an den Gemeinschaftssteuern"
,,,"3021",,,"Gemeindeanteil an der Einkommensteuer"
,,,"3022",,,"Gemeindeanteil an der Umsatzsteuer"
,,"303",,,,"Sonstige Gemeindesteuern"
,,,"3031",,,"Vergnügungssteuer"
,,,"3032",,,"Hundesteuer"
,,,"3033",,,"Jagdsteuer"
,,,"3034",,,"Zweitwohnungssteuer"
,,,"3039",,,"Sonstige örtliche Steuern"
,,304,,,,"Steuerähnliche Erträge"
,,,3041,,,"Fremdenverkehrsbeiträge"
,,,3042,,,"Abgaben von Spielbanken"
,,,3049,,,"Sonstige steuerähnliche Erträge"
,,305,,,,"Ausgleichsleistungen"
,,,3051,,,"Leistungen nach dem Familienleistungsausgleich"
,,,"3052",,,"Sonstige Ausgleichsleistungen"
,,,,"30521",,"Leistungen des Landes aus der Umsetzung des 4. Gesetzes für moderne Dienstleistungen am Arbeitsmarkt (Weitergabe Wohngeldentlastung)"
,31,,,,,"Zuwendungen und allgemeine Umlagen"
,,311,,,,"Schlüsselzuweisungen"
,,,"3111",,,"Schlüsselzuweisungen vom Land"
,,312,,,,"Bedarfszuweisungen"
,,,"3121",,,"Bedarfszuweisungen vom Land"
,,313,,,,"Sonstige allgemeine Zuweisungen"
,,,"313-",,"A","Sonstige allgemeine Zuweisungen"
,,314,,,,"Zuweisungen und Zuschüsse für laufende Zwecke"
,,,"314-",,"A","Zuweisungen und Zuschüsse für laufende Zwecke"
,,,,"31419",,"Laufende Zuweisungen an die Stadt- und Landkreise zu den örtlichen Sozialhilfelasten (§ 21 FAG)"
,,315,,,,"Zuweisungen des Landes aus dem Aufkommen an der Grunderwerbssteuer"
,,,"3151",,,"Zuweisungen des Landes aus dem Aufkommen an der Grunderwerbssteuer"
,,316,,,,"Erträge aus der Auflösung von Sonderposten"
,,,"3161",,,"Erträge aus der Auflösung von Sonderposten aus Zuwendungen"
,,,"3162",,,"Erträge aus der Auflösung von Sonderposten aus Beiträgen"
,,"318",,,,"Allgemeine Umlagen"
,,,"318-",,"A","Allgemeine Umlagen"
,,,,"31829",,"Ausgleich für die Übernahme von Aufgaben der Landeswohlfahrtsverbände, Status-quo-Ausgleich (§ 22 FAG)"
,,"319",,,,"Aufgabenbezogene Leistungsbeteiligungen"
,,,"3191",,,"Leistungsbeteiligung für die Umsetzung der Grundsicherung für Arbeitsuchende"
,"32",,,,,"Sonstige Transfererträge"
,,"321",,,,"Ersatz von sozialen Leistungen außerhalb von Einrichtungen"
,,,"3211",,,"Kostenbeiträge und Aufwendungsersatz; Kostenersatz"
,,,"3212",,,"Übergeleitete Unterhaltsansprüche gegen bürgerlich-rechtliche Unterhaltsverpflichtete"
,,,"3213",,,"Leistungen von Sozialleistungsträgern"
,,,"3214",,,"Sonstige Ersatzleistungen"
,,,"3215",,,"Rückzahlung gewährter Hilfen (Tilgung und Zinsen von Darlehen)"
,,"322",,,,"Ersatz von sozialen Leistungen in Einrichtungen"
,,,"3221",,,"Kostenbeiträge und Aufwendungsersatz; Kostenersatz"
,,,"3222",,,"Übergeleitete Unterhaltsansprüche gegen bürgerlich-rechtliche Unterhaltsverpflichtete"
,,,"3223",,,"Leistungen von Sozialleistungsträgern"
,,,"3224",,,"Sonstige Ersatzleistungen"
,,,"3225",,,"Rückzahlung gewährter Hilfen (Tilgung und Zinsen von Darlehen)"
,,"323",,,,"Schuldendiensthilfen"
,,,"323-",,"A","Schuldendiensthilfen"
,,"329",,,,"Andere sonstige Transfererträge"
,,,"3291",,,"Andere sonstige Transfererträge"
,"33",,,,,"Entgelte für die Benutzung/Inanspruchnahme öffentlicher Einrichtungen"
,,"331",,,,"Verwaltungsgebühren"
,,,"3311",,,"Verwaltungsgebühren"
,,"332",,,,"Benutzungsgebühren und ähnliche Entgelte"
,,,3321,,,"Benutzungsgebühren und ähnliche Entgelte, soweit nicht 3322"
,,,"3322",,,"Elternbeiträge für die Betreuung von Kindern von 0 bis unter 3 Jahren in Kindertagesstätten und in der Kindertagespflege"
,,336,,,,"Zweckgebundene Abgaben"
,,,3361,,,"Zweckgebundene Abgaben"
,34,,,,,"Privatrechtliche Leistungsentgelte, Kostenerstattungen und Kostenumlagen"
,,341,,,,"Mieten und Pachten"
,,,3411,,,"Mieten und Pachten"
,,342,,,,"Erträge aus Verkauf"
,,,3421,,,"Erträge aus Verkauf"
,,346,,,,"Sonstige privatrechtliche Leistungsentgelte"
,,,3461,,,"Sonstige privatrechtliche Leistungsentgelte"
,,348,,,,"Erträge aus Kostenerstattungen, Kostenumlagen"
,,,"348-",,"A","Erträge aus Kostenerstattungen, Kostenumlagen"
,35,,,,,"Sonstige ordentliche Erträge"
,,351,,,,"Konzessionsabgaben"
,,,3511,,,"Konzessionsabgaben"
,,352,,,,"Erstattung von Steuern"
,,,3521,,,"Erstattung von Steuern"
,,356,,,,"Besondere Erträge"
,,,"3561",,,"Bußgelder"
,,,"3562",,,"Säumniszuschläge, Zinsen auf Abgaben und dergl."
,,,"3563",,,"Erträge aus der Inanspruchnahme von Bürgschaften und Gewährverträgen usw."
,,357,,,,"Weitere Erträge aus der Auflösung von Sonderposten"
,,,"3571",,,"Erträge aus der Auflösung von sonstigen Sonderposten"
,,358,,,,"Nicht zahlungswirksame ordentliche Erträge"
,,,3581,,,"Erträge aus Zuschreibungen"
,,,3582,,,"Erträge aus der Auflösung oder Herabsetzung von Rückstellungen"
,,,3583,,,"Sonstige nicht zahlungswirksame ordentliche Erträge"
,,,,"35831",,"Erträge aus der Auflösung oder Herabsetzung von Wertberichtigungen auf Forderungen (Einzelwertberichtigungen, Pauschalwertberichtigungen)"
,,,,"35832",,"Erlösberichtigungen (z. B. gewährte Skonti, Boni)"
,,,,"35833",,"Erträge aus Nachaktivierung"
,,,,"35837",,"Entnahme Rücklage rechtlich unselbständige Stiftungen zum Ausgleich des ordentlichen Ergebnisses"
,,,,"35839",,"Sonstige weitere nicht zahlungswirksame ordentliche Erträge"
,,359,,,,"Andere sonstige ordentliche Erträge"
,,,3591,,,"Andere sonstige ordentliche Erträge"
,36,,,,,"Finanzerträge"
,,361,,,,"Zinserträge"
,,,"361-",,"B","Zinserträge"
,,365,,,,"Erträge aus Gewinnanteilen aus verbundenen Unternehmen und Beteiligungen"
,,,3651,,,"Erträge aus Gewinnanteilen aus verbundenen Unternehmen und Beteiligungen"
,,369,,,,"Sonstige Finanzerträge"
,,,"3694",,,"Erträge im Rahmen von Finanzderivatgeschäften"
,,,"3699",,,"Weitere sonstige Finanzerträge"
,37,,,,,"Aktivierte Eigenleistungen und Bestandsveränderungen"
,,371,,,,"Aktivierte Eigenleistungen  "
,,,3711,,,"Aktivierte Eigenleistungen  "
,,372,,,,"Bestandsveränderungen"
,,,"3721",,,"Bestandsveränderungen"
,38,,,,,"Erträge aus internen Leistungsbeziehungen"
,,381,,,,"Erträge aus internen Leistungsbeziehungen"
,,,3811,,,"Erträge aus internen Leistungsbeziehungen"
"4",,,,,,"Aufwendungen"
,40,,,,,"Personalaufwendungen"
,,401,,,,"Dienstaufwendungen"
,,,4011,,,"Beamte"
,,,4012,,,"Tariflich Beschäftigte"
,,,4019,,,"Sonstige Beschäftigte"
,,402,,,,"Beiträge zu Versorgungskassen"
,,,4021,,,"Beamte"
,,,4022,,,"Tariflich Beschäftigte"
,,,4029,,,"Sonstige Beschäftigte"
,,403,,,,"Beiträge zur gesetzlichen Sozialversicherung"
,,,4031,,,"Beamte"
,,,4032,,,"Tariflich Beschäftigte"
,,,4039,,,"Sonstige Beschäftigte"
,,404,,,,"Beihilfen, Unterstützungsleistungen für Bedienstete"
,,,4041,,,"Beihilfen und Unterstützungsleistungen für Bedienstete"
,,405,,,,"Zuführungen zu Pensionsrückstellungen für Bedienstete"
,,,4051,,,"Zuführungen zu Pensionsrückstellungen für Bedienstete (für Kommunalen Versorgungsverband Baden-Württemberg)"
,,406,,,,"Zuführungen zu Beihilferückstellungen für Bedienstete "
,,,4061,,,"Zuführungen zu Beihilferückstellungen für Bedienstete (nur für Kommunalen Versorgungsverband Baden-Württemberg)"
,,407,,,,"Zuführung zu bzw. Inanspruchnahme von Rückstellungen für Altersteilzeit und andere Maßnahmen"
,,,"4071",,,"Zuführung zu bzw. Inanspruchnahme von Rückstellungen für Altersteilzeit und andere Maßnahmen"
,41,,,,,"Versorgungsaufwendungen"
,,411,,,,"Versorgungsaufwendungen"
,,,4111,,,"Beamte"
,,,4112,,,"Tariflich Beschäftigte"
,,,4119,,,"Sonstige Beschäftigte"
,,413,,,,"Beiträge zur gesetzlichen Sozialversicherung"
,,,4131,,,"Beamte"
,,,4132,,,"Tariflich Beschäftigte"
,,,4139,,,"Sonstige Beschäftigte"
,,414,,,,"Beihilfen, Unterstützungsleistungen für Versorgungsempfänger"
,,,4141,,,"Beihilfen, Unterstützungsleistungen für Versorgungsempfänger"
,,415,,,,"Zuführungen zu Pensionsrückstellungen für Versorgungsempfänger"
,,,"4151",,,"Zuführungen zu Pensionsrückstellungen für Versorgungsempfänger (nur für Kommunalen Versorgungsverband Baden-Württemberg)"
,,416,,,,"Zuführungen zu Beihilferückstellungen für Versorgungsempfänger"
,,,4161,,,"Zuführungen zu Beihilferückstellungen für Versorgungsempfänger (nur für Kommunalen Versorgungsverband Baden-Württemberg)"
,42,,,,,"Aufwendungen für Sach- und Dienstleistungen"
,,421,,,,"Unterhaltung des unbeweglichen Vermögens"
,,,4211,,,"Unterhaltung der Grundstücke und baulichen Anlagen"
,,,"4212",,,"Unterhaltung des sonstigen unbeweglichen Vermögens"
,,422,,,,"Unterhaltung des beweglichen Vermögens"
,,,4221,,,"Unterhaltung des beweglichen Vermögens"
,,,"4222",,,"Erwerb von geringwertigen Vermögensgegenständen"
,,423,,,,"Mieten und Pachten, Leasing"
,,,4231,,,"Mieten und Pachten"
,,,4232,,,"Leasing"
,,,"4233",,,"Anteil der Gebäudebewirtschaftungskosten an Mieten und Pachten bei Nutzungsüberlassung von Schulgebäuden oder von Gebäuden für Kindertagesstätten durch kommunalen Eigenbetrieb oder Eigengesellschaft"
,,,"4234",,,"Mieten und Pachten bei Nutzungsüberlassung von Schulgebäuden oder von Gebäuden für Kindertagesstätten durch kommunalen Eigenbetrieb oder Eigengesellschaft, soweit nicht Konto 4233"
,,424,,,,"Bewirtschaftung der Grundstücke und baulichen Anlagen"
,,,4241,,,"Bewirtschaftung der Grundstücke und baulichen Anlagen"
,,425,,,,"Haltung von Fahrzeugen"
,,,"4251",,,"Haltung von Fahrzeugen"
,,426,,,,"Besondere Aufwendungen für Beschäftigte"
,,,4261,,,"Besondere Aufwendungen für Beschäftigte"
,,427,,,,"Besondere Verwaltungs- und Betriebsaufwendungen"
,,,4271,,,"Besondere Verwaltungs- und Betriebsaufwendungen"
,,,"4274",,,"Lehr- und Unterrichtsmittel"
,,,"4275",,,"Lernmittel"
,,428,,,,"Aufwendungen für den Verbrauch von sonstigen Vorräten"
,,,"4281",,,"Aufwendungen für den Verbrauch von sonstigen Vorräten"
,,429,,,,"Aufwendungen für sonstige Sach- und Dienstleistungen"
,,,4291,,,"Aufwendungen für sonstige Sach- und Dienstleistungen"
,43,,,,,"Transferaufwendungen"
,,431,,,,"Zuweisungen und Zuschüsse für laufende Zwecke"
,,,"431-",,"A","Zuweisungen und Zuschüsse für laufende Zwecke"
,,,,"43181",,"Institutionelle Förderung des ehem. LWV an soziale Einrichtungen"
,,432,,,,"Schuldendiensthilfen"
,,,"432-",,"A","Schuldendiensthilfen"
,,433,,,,"Sozialtransferaufwendungen"
,,,4331,,,"Soziale Leistungen an natürliche Personen außerhalb von Einrichtungen"
,,,4332,,,"Soziale Leistungen an natürliche Personen in Einrichtungen"
,,,4339,,,"Sonstige soziale Leistungen"
,,434,,,,"Steuerbeteiligungen "
,,,4341,,,"Gewerbesteuerumlage"
,,435,,,,"Allgemeine Zuweisungen"
,,,"435-",,"A","Allgemeine Zuweisungen"
,,437,,,,"Allgemeine Umlagen"
,,,"437-",,"A","Allgemeine Umlagen"
,,,,"43729",,"Ausgleich für die Übernahme von Aufgaben der Landeswohlfahrtsverbände,
Status-quo-Ausgleich (§ 22 FAG)"
,,439,,,,"Sonstige Transferaufwendungen"
,,,4391,,,"Sonstige Transferaufwendungen"
,44,,,,,"Sonstige ordentliche Aufwendungen"
,,441,,,,"Sonstige Personal- und Versorgungsaufwendungen"
,,,4411,,,"Sonstige Personal- und Versorgungsaufwendungen"
,,442,,,,"Aufwendungen für die Inanspruchnahme von Rechten und Diensten"
,,,4421,,,"Aufwendungen für ehrenamtliche und sonstige Tätigkeit"
,,,4422,,,"Verfügungsmittel (§ 13 Satz 1 Nr. 1 GemHVO)"
,,,4429,,,"Sonstige Aufwendungen für die Inanspruchnahme von Rechten und Diensten"
,,443,,,,"Geschäftsaufwendungen"
,,,4431,,,"Geschäftsaufwendungen"
,,444,,,,"Steuern, Versicherungen, Schadensfälle, Sonderabgaben"
,,,4441,,,"Steuern, Versicherungen, Schadensfälle, Sonderabgaben"
,,445,,,,"Erstattungen für Aufwendungen von Dritten aus laufender Verwaltungstätigkeit"
,,,"445-",,"A","Erstattungen für Aufwendungen von Dritten aus laufender Verwaltungstätigkeit"
,,446,,,,"Aufgabenbezogene Leistungsbeteiligungen"
,,,4461,,,"Leistungsbeteiligung für die Umsetzung der Grundsicherung für Arbeitsuchende"
,,448,,,,"Besondere Aufwendungen"
,,,"4481",,,"Bußgelder"
,,,"4482",,,"Säumniszuschläge u.ä."
,,,"4483",,,"Aufwendungen aus der Inanspruchnahme von Gewährverträgen und Bürgschaften"
,,,"4484",,,"Ausgleichsleistungen nach dem Gesetz über den Abbau der Fehlsubventionierung im Wohnungswesen (AFWoG)"
,,449,,,,"Weitere sonstige Aufwendungen aus laufender Verwaltungstätigkeit"
,,,4491,,,"Weitere sonstige zahlungswirksame Aufwendungen aus laufender Verwaltungstätigkeit"
,,,"4492",,,"Weitere sonstige nichtzahlungswirksame ordentliche Aufwendungen "
,,,"44921",,,"Nachpassivierung, Aufwendungen aus Inventurdifferenzen aus Vorräten (Mengen- und Preisdifferenzen)"
,,,"44922",,,"Zuführung Rücklagen Stiftung aus Überschuss des ordentlichen Ergebnisses einer rechtlich unselbständigen Stiftung"
,,,"4498",,,"Deckungsreserve"
,,,"4499",,,"Globaler Minderaufwand"
,45,,,,,"Zinsen und sonstige Finanzaufwendungen"
,,451,,,,"Zinsaufwendungen"
,,,"451-",,"B","Zinsaufwendungen"
,,459,,,,"Sonstige Finanzaufwendungen"
,,,4591,,,"Kreditbeschaffungskosten"
,,,"4593",,,"Aufwand des Geldverkehrs"
,,,"4594",,,"Aufwendungen im Rahmen von Finanzderivatgeschäften"
,,,4599,,,"Sonstige Finanzaufwendungen"
,47,,,,,"Bilanzielle Abschreibungen"
,,471,,,,"Abschreibungen auf immaterielle Vermögensgegenstände und Sachvermögen"
,,,4711,,,"Abschreibungen auf immaterielle Vermögensgegenstände und Sachvermögen"
,,472,,,,"Abschreibungen auf Finanzvermögen"
,,,4721,,,"Abschreibungen auf Finanzvermögen"
,,,"4722",,,"Abschreibungen auf Forderungen"
,,,"4729",,,"Sonstige Abschreibungen auf Finanzvermögen"
,,"479",,,,"Sonstige Abschreibungen"
,,,"4791",,,"Sonstige Abschreibungen"
,48,,,,,"Aufwendungen aus internen Leistungsbeziehungen"
,,481,,,,"Aufwendungen aus internen Leistungsbeziehungen"
,,,4811,,,"Aufwendungen aus internen Leistungsbeziehungen"
5,,,,,,"Außerordentliche Erträge und Aufwendungen"
,50,,,,,"Realisierte außerordentliche Erträge"
,,501,,,,"Außerordentliche Erträge"
,,,"5012",,,"Empfangene Schadensersatzleistungen u. ä."
,,,"5013",,,"Erträge aus Zuschreibungen aus der Aufhebung von außerordentlichen Abschreibungen"
,,,"5019",,,"Sonstige außerordentliche Erträge"
,,503,,,,"Außerordentliche Auflösung von Sonderposten"
,,,"5031",,,"Außerordentliche Auflösung von Sonderposten"
,,509,,,,"Entnahme Ergebnisrücklagen Stiftungen zum Ausgleich des Sonderergebnisses der rechtlich unselbständigen Stiftungen"
,51,,,,,"Realisierte außerordentliche Aufwendungen"
,,511,,,,"Außerordentliche Aufwendungen"
,,,"5111",,,"Aufwendungen im Zusammenhang mit Katastrophen u. ä. Ereignissen"
,,,"5113",,,"Geleisteter Schadensersatz u. ä."
,,,"5114",,,"Aufwendungen aus Inanspruchnahme von Gewährleistungen"
,,,"5119",,,"Sonstige außerordentliche Aufwendungen"
,,513,,,,"Außerordentliche Abschreibungen"
,,,"5131",,,"Außerordentliche Abschreibungen"
,,519,,,,"Zuführung Ergebnisrücklagen Stiftungen aus Überschuss des Sonderergebnisses rechtlich unselbstständiger Stiftungen"
,"53",,,,,"Veräußerung von Vermögensgegenständen "
,,"531",,,,"Erträge aus der Veräußerung von Vermögensgegenständen"
,,,"5311",,,"Erträge aus der Veräußerung von Grundstücken und Gebäuden"
,,,"5312",,,"Erträge aus der Veräußerung von beweglichen Vermögensgegenständen"
,,,"5314",,,"Erträge aus der Veräußerung von Finanzvermögen"
,,,"5315",,,"Erträge aus der Veräußerung von immateriellen Vermögensgegenständen"
,,"532",,,,"Aufwendungen aus der Veräußerung von Vermögensgegenständen "
,,,"5321",,,"Aufwendungen aus der Veräußerung von Grundstücken und Gebäuden"
,,,"5322",,,"Aufwendungen aus der Veräußerung von beweglichen Vermögensgegenständen"
,,,"5324",,,"Aufwendungen aus der Veräußerung von Finanzvermögen"
,,,"5325",,,"Aufwendungen aus der Veräußerung von immateriellen Vermögensgegenständen"
6,,,,,,"Einzahlungen"
,60,,,,,"Steuern und ähnliche Abgaben"
,,601,,,,"Realsteuern"
,,,"6011",,,"Grundsteuer A"
,,,"6012",,,"Grundsteuer B"
,,,"6013",,,"Gewerbesteuer"
,,602,,,,"Gemeindeanteile an den Gemeinschaftssteuern"
,,,"6021",,,"Gemeindeanteil an der Einkommensteuer"
,,,"6022",,,"Gemeindeanteil an der Umsatzsteuer"
,,603,,,,"Sonstige Gemeindesteuern"
,,,"6031",,,"Vergnügungssteuer"
,,,"6032",,,"Hundesteuer"
,,,"6033",,,"Jagdsteuer"
,,,"6034",,,"Zweitwohnungssteuer"
,,,6039,,,"Sonstige örtliche Steuern"
,,604,,,,"Steuerähnliche Einzahlungen "
,,,6041,,,"Fremdenverkehrsbeiträge"
,,,6042,,,"Abgaben von Spielbanken"
,,,6049,,,"Sonstige steuerähnliche Einzahlungen"
,,605,,,,"Ausgleichsleistungen"
,,,"6051",,,"Leistungen nach dem Familienleistungsausgleich"
,,,"6052",,,"Sonstige Ausgleichsleistungen"
,,,,"60521",,"Leistungen des Landes aus der Umsetzung des 4. Gesetzes für moderne Dienstleistungen am Arbeitsmarkt (Weitergabe Wohngeldentlastung)"
,61,,,,,"Zuwendungen und allgemeine Umlagen"
,,611,,,,"Schlüsselzuweisungen"
,,,"6111",,,"Schlüsselzuweisungen vom Land"
,,612,,,,"Bedarfszuweisungen"
,,,"6121",,,"Bedarfszuweisungen vom Land"
,,613,,,,"Sonstige allgemeine Zuweisungen"
,,,"613-",,"A","Sonstige allgemeine Zuweisungen"
,,614,,,,"Zuweisungen und Zuschüsse für laufende Zwecke"
,,,"614-",,"A","Zuweisungen und Zuschüsse für laufende Zwecke"
,,,,"61419",,"Laufende Zuweisungen an die Stadt- und Landkreise zu den örtlichen Sozialhilfelasten (§ 21 FAG)"
,,615,,,,"Zuweisungen des Landes aus dem Aufkommen an der Grunderwerbssteuer"
,,,"6151",,,"Zuweisungen des Landes aus dem Aufkommen an der Grunderwerbssteuer"
,,618,,,,"Allgemeine Umlagen"
,,,"618-",,"A","Allgemeine Umlagen"
,,,,"61829",,"Ausgleich für die Übernahme von Aufgaben der Landeswohlfahrtsverbände, Status-quo-Ausgleich (§ 22 FAG)"
,,619,,,,"Aufgabenbezogene Leistungsbeteiligungen"
,,,"6191",,,"Leistungsbeteiligung für die Umsetzung der Grundsicherung für Arbeitsuchende"
,62,,,,,"Sonstige Transfereinzahlungen"
,,621,,,,"Ersatz von sozialen Leistungen außerhalb von Einrichtungen"
,,,"6211",,,"Kostenbeiträge und Aufwendungsersatz; Kostenersatz"
,,,"6212",,,"Übergeleitete Unterhaltsansprüche gegen bürgerlich-rechtliche Unterhaltsverpflichtete"
,,,"6213",,,"Leistungen von Sozialleistungsträgern"
,,,"6214",,,"Sonstige Ersatzleistungen"
,,,"6215",,,"Rückzahlung gewährter Hilfen (Tilgung und Zinsen von Darlehen)"
,,622,,,,"Ersatz von sozialen Leistungen in Einrichtungen"
,,,"6221",,,"Kostenbeiträge und Aufwendungsersatz; Kostenersatz"
,,,"6222",,,"Übergeleitete Unterhaltsansprüche gegen bürgerlich-rechtliche Unterhaltsverpflichtete"
,,,"6223",,,"Leistungen von Sozialleistungsträgern"
,,,"6224",,,"Sonstige Ersatzleistungen"
,,,"6225",,,"Rückzahlung gewährter Hilfen (Tilgung und Zinsen von Darlehen)"
,,623,,,,"Schuldendiensthilfen"
,,,"623-",,"A","Schuldendiensthilfen"
,,629,,,,"Andere sonstige Transfereinzahlungen"
,,,"6291",,,"Andere sonstige Transfereinzahlungen"
,63,,,,,"Öffentlich-rechtliche Leistungsentgelte"
,,631,,,,"Verwaltungsgebühren"
,,,"6311",,,"Verwaltungsgebühren"
,,632,,,,"Benutzungsgebühren und ähnliche Entgelte"
,,,"6321",,,"Benutzungsgebühren und ähnliche Entgelte, soweit nicht 6322"
,,,"6322",,,"Elternbeiträge für die Betreuung von Kindern von 0 bis unter 3 Jahren in Kindertagesstätten und in der Kindertagespflege"
,,636,,,,"Zweckgebundene Abgaben"
,,,"6361",,,"Zweckgebundene Abgaben"
,64,,,,,"Privatrechtliche Leistungsentgelte, Kostenerstattungen und Kostenumlagen"
,,641,,,,"Mieten und Pachten"
,,,"6411",,,"Mieten inkl. Nebenkostenanteil aus Mietverträgen und Pachten"
,,642,,,,"Einzahlungen aus Verkauf"
,,,"6421",,,"Einzahlungen aus Verkauf"
,,646,,,,"Sonstige privatrechtliche Leistungsentgelte"
,,,"6461",,,"Sonstige privatrechtliche Leistungsentgelte"
,,648,,,,"Einzahlungen aus Kostenerstattungen, Kostenumlagen"
,,,"648-",,"A","Einzahlungen aus Kostenerstattungen, Kostenumlagen"
,65,,,,,"Sonstige Einzahlungen aus laufender Verwaltungstätigkeit"
,,651,,,,"Konzessionsabgaben"
,,,"6511",,,"Konzessionsabgaben"
,,652,,,,"Erstattung von Steuern"
,,,"6521",,,"Erstattung von Steuern"
,,656,,,,"Besondere Einzahlungen"
,,,"6561",,,"Bußgelder"
,,,"6562",,,"Säumniszuschläge, Zinsen auf Abgaben und dergl."
,,,"6563",,,"Einzahlungen aus der Inanspruchnahme von Bürgschaften, Gewährverträgen usw."
,,659,,,,"sonstige Einzahlungen aus laufender Verwaltungstätigkeit"
,,,"6591",,,"sonstige Einzahlungen aus laufender Verwaltungstätigkeit"
,66,,,,,"Zinsen und sonstige Finanzeinzahlungen"
,,661,,,,"Zinseinzahlungen"
,,,"661-",,"B","Zinseinzahlungen"
,,665,,,,"Einzahlungen aus Gewinnanteilen aus verbundenen Unternehmen und Beteiligungen"
,,,"6651",,,"Einzahlungen aus Gewinnanteilen aus verbundenen Unternehmen und Beteiligungen"
,,669,,,,"Sonstige Finanzeinzahlungen"
,,,"6694",,,"Einzahlungen im Rahmen von Finanzderivatgeschäften"
,,,"6699",,,"Weitere sonstige Finanzeinzahlungen"
,67,,,,,"haushaltsunwirksame Einzahlungen"
,,"671 - 678",,,,"Konten sind frei zu halten"
,,"679",,,,"haushaltsunwirksame Einzahlungen"
,,,6791,,,"Durchlaufende Gelder"
,,,6792,,,"Kassenkredite"
,,,6793,,,"Sondervermögen, Liquiditätsverbund"
,,,6794,,,"Geldanlagen"
,,,"6797",,,"Einzahlungen aus Umsatzsteuer"
,68,,,,,"Einzahlungen aus Investitionstätigkeit"
,,681,,,,"Investitionszuwendungen "
,,,"681-",,"A","Investitionszuwendungen "
,,682,,,,"Einzahlungen aus der Veräußerung von Grundstücken und Gebäuden"
,,,"6821",,,"Einzahlungen aus der Veräußerung von Grundstücken und Gebäuden"
,,683,,,,"Einzahlungen aus der Veräußerung von immateriellen und beweglichen Vermögensgegenständen"
,,,"6831",,,"Einzahlungen aus der Veräußerung von immateriellen und beweglichen Vermögensgegenständen oberhalb der Wertgrenze nach § 38 Abs. 4 GemHVO"
,,,,68311,,"Einzahlungen aus der Veräußerung von immateriellen Vermögensgegenständen oberhalb der Wertgrenze nach § 38 Abs. 4 GemHVO"
,,,,68312,,"Einzahlungen aus der Veräußerung von beweglichen Vermögensgegenständen oberhalb der Wertgrenze nach § 38 Abs. 4 GemHVO"
,,,"6832",,,"Einzahlungen aus der Veräußerung von immateriellen und beweglichen Vermögensgegenständen unterhalb der Wertgrenze nach § 38 Abs. 4 GemHVO, sofern diese als notwendige Erstausstattung im Zusammenhang mit einer investiven Baumaßnahme nach § 46 Abs. 2 Satz 2 Halbsatz 1 GemHVO aktiviert wurden."
,,,,68321,,"Einzahlungen aus der Veräußerung von immateriellen Vermögensgegenständen unterhalb der Wertgrenze nach § 38 Abs. 4 GemHVO, sofern diese als notwendige Erstausstattung im Zusammenhang mit einer investiven Baumaßnahme nach § 46 Abs. 2 Satz 2 Halbsatz 1 GemHVO aktiviert wurden."
,,,,68322,,"Einzahlungen aus der Veräußerung von beweglichen Vermögensgegenständen unterhalb der Wertgrenze nach § 38 Abs. 4 GemHVO, sofern diese als notwendige Erstausstattung im Zusammenhang mit einer investiven Baumaßnahme nach § 46 Abs. 2 Satz 2 Halbsatz 1 GemHVO aktiviert wurden."
,,"684",,,,"Einzahlungen aus der Veräußerung von Anteilsrechten an verbundenen Unternehmen "
,,,"6841",,,"Einzahlung aus der Veräußerung von börsennotierte Aktien"
,,,"6842",,,"Einzahlung aus der Veräußerung von nichtbörsennotierte Aktien"
,,,"6843",,,"Einzahlung aus der Veräußerung von sonstigen Anteilen"
,,"685",,,,"Einzahlungen aus der Veräußerung von Beteiligungen/Sondervermögen"
,,,"6851",,,"Einzahlung aus der Veräußerung von börsennotierte Aktien"
,,,"6852",,,"Einzahlung aus der Veräußerung von nichtbörsennotierte Aktien"
,,,"6853",,,"Einzahlung aus der Veräußerung von Beteiligung an Zweckverbänden und sonstigen Anteilsrechten"
,,,"6854",,,"Einzahlung aus der Veräußerung von Sondervermögen"
,,"686",,,,"Einzahlungen aus der Veräußerung von Wertpapieren"
,,,"6861",,,"Einzahlungen aus der Veräußerung von Investmentzertifikaten"
,,,,"6862-","B","Einzahlungen aus der Veräußerung von Kapitalmarktpapieren"
,,,,"6863-","B","Einzahlungen aus der Veräußerung von Geldmarktpapieren"
,,,"6864",,,"Einzahlungen aus der Veräußerung von Finanzderivaten"
,,"687",,,,"Einzahlungen aus der Abwicklung von Baumaßnahmen"
,,,"6871",,,"Einzahlungen aus der Abwicklung von Baumaßnahmen"
,,"688",,,,"Rückflüsse von Ausleihungen"
,,,"688-",,"B","Rückflüsse von Ausleihungen"
,,"689",,,,"Beiträge und ähnliche Entgelte"
,,,"6891",,,"Beiträge und ähnliche Entgelte"
,69,,,,,"Einzahlungen aus Finanzierungstätigkeit "
,,"691",,,,"Einzahlungen aus der Ausgabe von Anleihen"
,,,"6911-",,"C und D","Einzahlungen aus der Ausgabe von Anleihen"
,,692,,,,"Kreditaufnahmen für Investitionen"
,,,"692-",,"B und C
tw. D
siehe Zuord-
nungs-
vor-
schriften","Kreditaufnahmen für Investitionen"
,,694,,,,"Sonstige Wertpapierverschuldung"
,,,"6941-",,"C und D","Sonstige Wertpapierverschuldung"
,,699,,,,"Rückflüsse von Darlehensforderungen (ohne Ausleihungen)"
,,,"699-",,"B","Rückflüsse von Darlehensforderungen"
7,,,,,,"Auszahlungen"
,70,,,,,"Personalauszahlungen"
,,701,,,,"Auszahlungen von Diensbezügen"
,,,7011,,,"Beamte"
,,,7012,,,"Tariflich Beschäftigte"
,,,7019,,,"Sonstige Beschäftigte"
,,702,,,,"Beiträge zu Versorgungskassen"
,,,7021,,,"Beamte"
,,,7022,,,"Tariflich Beschäftigte"
,,,7029,,,"Sonstige Beschäftigte"
,,703,,,,"Beiträge zur gesetzlichen Sozialversicherung"
,,,7031,,,"Beamte"
,,,7032,,,"Tariflich Beschäftigte"
,,,7039,,,"Sonstige Beschäftigte"
,,704,,,,"Beihilfen, Unterstützungsleistungen für Bedienstete"
,,,"7041",,,"Beihilfen, Unterstützungsleistungen für Bedienstete"
,71,,,,,"Versorgungsauszahlungen"
,,711,,,,"Auszahlung von Versorgungsbezügen"
,,,7111,,,"Beamte"
,,,7112,,,"Tariflich Beschäftigte"
,,,7119,,,"Sonstige Beschäftigte"
,,713,,,,"Beiträge zur gesetzlichen Sozialversicherung"
,,,7131,,,"Beamte"
,,,7132,,,"Tariflich Beschäftigte"
,,,7139,,,"Sonstige Beschäftigte"
,,714,,,,"Beihilfen, Unterstützungsleistungen für Versorgungsempfänger"
,,,"7141",,,"Beihilfen, Unterstützungsleistungen für Versorgungsempfänger"
,72,,,,,"Auszahlungen für Sach- und Dienstleistungen "
,,721,,,,"Unterhaltung des unbeweglichen Vermögens"
,,,"7211",,,"Unterhaltung der Grundstücke und baulichen Anlagen"
,,,"7212",,,"Unterhaltung des sonstigen unbeweglichen Vermögens"
,,722,,,,"Unterhaltung des beweglichen Vermögens"
,,,"7221",,,"Unterhaltung des beweglichen Vermögens"
,,,"7222",,,"Erwerb von geringwertigen Vermögensgegenständen"
,,723,,,,"Mieten und Pachten, Leasing"
,,,"7231",,,"Mieten inkl. Mietnebenkosten und Pachten"
,,,"7232",,,"Leasing"
,,,"7233",,,"Anteil der Gebäudebewirtschaftungskosten an Mieten und Pachten bei Nutzungsüberlassung von Schulgebäuden oder von Gebäuden für Kindertagesstätten durch kommunalen Eigenbetrieb oder Eigengesellschaft"
,,,"7234",,,"Mieten und Pachten bei Nutzungsüberlassung von Schulgebäuden oder von Gebäuden für Kindertagesstätten durch kommunalen Eigenbetrieb oder Eigengesellschaft, soweit nicht Konto 7233"
,,724,,,,"Bewirtschaftung der Grundstücke und baulichen Anlagen"
,,,"7241",,,"Bewirtschaftung der Grundstücke und baulichen Anlagen"
,,725,,,,"Haltung von Fahrzeugen"
,,,"7251",,,"Haltung von Fahrzeugen"
,,726,,,,"Besondere Auszahlungen für Beschäftigte"
,,,"7261",,,"Besondere Auszahlungen für Beschäftigte"
,,727,,,,"Besondere Verwaltungs- und Betriebsauszahlungen"
,,,"7271",,,"Besondere Verwaltungs- und Betriebsauszahlungen"
,,,"7274",,,"Lehr- und Unterrichtsmaterial"
,,,"7275",,,"Lernmittel"
,,728,,,,"Auszahlungen für den Erwerb von Vorräten"
,,,"7281",,,"Auszahlungen für den Erwerb von Vorräten"
,,729,,,,"Auszahlungen für sonstige Dienstleistungen"
,,,"7291",,,"Auszahlungen für sonstige Dienstleistungen"
,73,,,,,"Transferauszahlungen"
,,731,,,,"Zuweisungen und Zuschüsse für laufende Zwecke"
,,,"731-",,"A","Zuweisungen und Zuschüsse für laufende Zwecke"
,,,,"73181",,"Institutionelle Förderung des ehem. LWV an soziale Einrichtungen"
,,732,,,,"Schuldendiensthilfen"
,,,"732-",,"A","Schuldendiensthilfen"
,,733,,,,"Sozialtransferauszahlungen"
,,,7331,,,"Soziale Leistungen an natürliche Personen außerhalb von Einrichtungen"
,,,"7332",,,"Soziale Leistungen an natürliche Personen in Einrichtungen"
,,,7339,,,"Sonstige soziale Leistungen"
,,734,,,,"Steuerbeteiligungen "
,,,7341,,,"Gewerbesteuerumlage"
,,735,,,,"Allgemeine Zuweisungen"
,,,"735-",,"A","Allgemeine Zuweisungen"
,,737,,,,"Allgemeine Umlagen"
,,,"737-",,"A","Allgemeine Umlagen"
,,,,"73729",,"Ausgleich für die Übernahme von Aufgaben der Landeswohlfahrtsverbände,
Status-quo-Ausgleich (§ 22 FAG)"
,,739,,,,"Sonstige Transferauszahlungen"
,,,"7391",,,"Sonstige Transferauszahlungen"
,74,,,,,"Sonstige Auszahlungen aus laufender Verwaltungstätigkeit"
,,741,,,,"Sonstige Personal- und Versorgungsauszahlungen"
,,,"7411",,,"Sonstige Personal- und Versorgungsauszahlungen"
,,742,,,,"Auszahlungen für die Inanspruchnahme von Rechten und Diensten"
,,,7421,,,"Auszahlungen für ehrenamtliche und sonstige Tätigkeit"
,,,7422,,,"Verfügungsmittel (§ 13 Satz 1 Nr. 1 GemHVO)"
,,,7429,,,"Sonstige Auszahlungen für die Inanspruchnahme von Rechten und Diensten"
,,743,,,,"Geschäftsauszahlungen"
,,,"7431",,,"Geschäftsauszahlungen"
,,744,,,,"Steuern, Versicherungen, Schadensfälle, Sonderabgaben"
,,,"7441",,,"Steuern, Versicherungen, Schadensfälle, Sonderabgaben"
,,745,,,,"Erstattungen für Auszahlungen von Dritten aus laufender Verwaltungstätigkeit"
,,,"745-",,"A","Erstattungen für Auszahlungen von Dritten aus laufender Verwaltungstätigkeit"
,,746,,,,"Aufgabenbezogene Leistungsbeteiligungen"
,,,"7461",,,"Leistungsbeteiligung für die Umsetzung der Grundsicherung für Arbeitsuchende"
,,748,,,,"Besondere Auszahlungen"
,,,"7481",,,"Bußgelder"
,,,"7482",,,"Säumniszuschläge u. ä."
,,,"7483",,,"Auszahlungen aus der Inanspruchnahme von Gewährverträgen und Bürgschaften"
,,,"7484",,,"Ausgleichsleistungen nach dem Gesetz über den Abbau der Fehlsubventionierung im Wohnungswesen (AFWoG)"
,,749,,,,"Weitere sonstige Auszahlungen aus laufender Verwaltungstätigkeit"
,,,"7491",,,"Weitere sonstige Auszahlungen aus laufender Verwaltungstätigkeit"
,75,,,,,"Zinsen und sonstige Finanzauszahlungen"
,,751,,,,"Zinsauszahlungen"
,,,"751-",,"B","Zinsauszahlungen"
,,759,,,,"Sonstige Finanzauszahlungen"
,,,"7591",,,"Kreditbeschaffungskosten"
,,,"7593",,,"Auszahlungen des Geldverkehrs"
,,,"7594",,,"Auszahlungen im Rahmen von Finanzderivatgeschäften"
,,,"7599",,,"Sonstige Finanzauszahlungen"
,77,,,,,"haushaltsunwirksame Auszahlungen"
,,"771 - 778",,,,"Konten sind frei zu halten"
,,779,,,,"haushaltsunwirksame Auszahlungen"
,,,"7791",,,"Durchlaufende Gelder"
,,,"7792",,,"Kassenkredite"
,,,"7793",,,"Sondervermögen, Liquiditätsverbund"
,,,"7794",,,"Geldanlagen"
,,,"7797",,,"Auszahlungen aus Vorsteuer"
,78,,,,,"Auszahlungen aus Investitionstätigkeit"
,,781,,,,"Zuweisungen und Zuschüsse für lnvestitionen"
,,,"781-",,"A","Zuweisungen und Zuschüsse für lnvestitionen"
,,782,,,,"Auszahlungen für den Erwerb von Grundstücken und Gebäuden"
,,,"7821",,,"Auszahlungen für den Erwerb von Grundstücken und Gebäuden"
,,783,,,,"Auszahlungen für den Erwerb von immateriellen und beweglichen Vermögensgegenständen "
,,,"7831",,,"Auszahlungen für den Erwerb von immateriellen und beweglichen Vermögensgegenständen oberhalb der Wertgrenze nach § 38 Abs. 4 GemHVO"
,,,,78311,,"Auszahlungen für den Erwerb von immateriellen Vermögensgegenständen oberhalb der Wertgrenze nach § 38 Abs. 4 GemHVO"
,,,,78312,,"Auszahlungen für den Erwerb von beweglichen Vermögensgegenständen oberhalb der Wertgrenze nach § 38 Abs. 4 GemHVO"
,,,"7832",,,"Auszahlungen für den Erwerb von immateriellen und beweglichen Vermögensgegenständen unterhalb der Wertgrenze nach § 38 Abs. 4 GemHVO bei Aktivierung als notwendige Erstausstattung im Zusammenhang mit einer investiven Baumaßnahme nach § 46 Abs. 2 Satz 2 Halbsatz 1 GemHVO"
,,,,78321,,"Auszahlungen für den Erwerb von immateriellen Vermögensgegenständen unterhalb der Wertgrenze nach § 38 Abs. 4 GemHVO bei Aktivierung als notwendige Erstausstattung im Zusammenhang mit einer investiven Baumaßnahme nach § 46 Abs. 2 Satz 2 Halbsatz 1 GemHVO"
,,,,78322,,"Auszahlungen für den Erwerb von beweglichen Vermögensgegenständen unterhalb der Wertgrenze nach § 38 Abs. 4 GemHVO bei Aktivierung als notwendige Erstausstattung im Zusammenhang mit einer investiven Baumaßnahme nach § 46 Abs. 2 Satz 2 Halbsatz 1 GemHVO"
,,,"7833",,,"Auszahlungen für die Ablösung von Dauerlasten"
,,"784",,,,"Auszahlungen für den Erwerb von Anteilsrechten an verbundenen Unternehmen "
,,,"7841",,,"Auszahlungen für den Erwerb von börsennotierte Aktien"
,,,"7842",,,"Auszahlungen für den Erwerb von nichtbörsennotierte Aktien"
,,,"7843",,,"Auszahlungen für den Erwerb von sonstigen Anteilen"
,,"785",,,,"Auszahlungen für den Erwerb von Beteiligungen/Sondervermögen"
,,,"7851",,,"Auszahlungen für den Erwerb von börsennotierte Aktien"
,,,"7852",,,"Auszahlungen für den Erwerb von nichtbörsennotierte Aktien"
,,,"7853",,,"Auszahlungen für den Erwerb von Beteiligungen an Zweckverbänden und sonstigen Anteilsrechten"
,,,"7854",,,"Auszahlung für den Erwerb von Sondervermögen"
,,"786",,,,"Auszahlungen für den Erwerb von Wertpapieren"
,,,"7861",,,"Auszahlungen für den Erwerb von Investmentzertifikaten"
,,,,"7862-","B","Auszahlungen für den Erwerb von Kapitalmarktpapieren"
,,,,"7863-","B","Auszahlungen für den Erwerb von Geldmarktpapieren"
,,,"7864",,,"Auszahlungen für den Erwerb von Finanzderivaten"
,,"787",,,,"Baumaßnahmen"
,,,"7871",,,"Auszahlungen für Hochbaumaßnahmen"
,,,"7872",,,"Auszahlungen für Tiefbaumaßnahmen"
,,,"7873",,,"Auszahlungen für sonstige Baumaßnahmen"
,,"788",,,,"Gewährung von Ausleihungen"
,,,"788-",,"B und Cv","Gewährung von Ausleihungen"
,79,,,,,"Auszahlungen aus Finanzierungstätigkeit"
,,"791",,,,"Auszahlungen zur Tilgung von Anleihen"
,,,,"7911-","C und D","Auszahlungen zur Tilgung von Anleihen"
,,792,,,,"Tilgung von Krediten für Investitionen"
,,,"792-",,"B und C
tw. D
siehe Zuord-
nungs-
vor-
schriften","Tilgung von Krediten für Investitionen"
,,794,,,,"Tilgung von sonstigen Wertpapierschulden"
,,,,"7941-","C und D","Tilgung von sonstigen Wertpapierschulden"
,,799,,,,"Gewährung von Darlehen (ohne Ausleihungen)"
,,,"799-",,"B und C","Gewährung von Darlehen (ohne Ausleihungen)"
8,,,,,,"Abschlusskonten "
,80,,,,,"Eröffnungskonten/Abschlusskonten"
,81,,,,,"Korrekturkonten"
,82,,,,,"Kurzfristige Erfolgsrechnung"
9,,,,,,"Kosten- und Leistungsrechnung (KLR)"
,90,,,,,"Kosten- und Leistungsrechnung (KLR)"
,"(91)",,,,,"Leistungsverrechnung"
,"(92)",,,,,"Umlage"
,"(93)",,,,,"Auftragsabrechnung"
,"(94)",,,,,"Gemeinkostenzuschläge"
,"(95)",,,,,"manuelle Umbuchung sekundäre Kosten"
,"(96)",,,,,
,"(97)",,,,,"kalkulatorische Zinsen und AfA (SOPO)"
,"(98)",,,,,"kalkulatorische Zinsen und AfA (Verrechnung)"
,"(99)",,,,,
